home_team,away_team,home_norm_points,away_norm_points,game_num
Argentina,Ecuador,100.0,69.55239930104395,9
Mexico,Peru,82.35673641292172,69.33733590214615,10
USA,Paraguay,84.15072359872755,61.71244231372373,11
Brazil,Uruguay,93.785563869349,82.20260764371164,12
